CREATE DATABASE  IF NOT EXISTS `rfid` /*!40100 DEFAULT CHARACTER SET latin1 */ /*!80016 DEFAULT ENCRYPTION='N' */;
USE `rfid`;
-- MySQL dump 10.13  Distrib 8.0.36, for Win64 (x86_64)
--
-- Host: localhost    Database: rfid
-- ------------------------------------------------------
-- Server version	8.2.0

/*!40101 SET @OLD_CHARACTER_SET_CLIENT=@@CHARACTER_SET_CLIENT */;
/*!40101 SET @OLD_CHARACTER_SET_RESULTS=@@CHARACTER_SET_RESULTS */;
/*!40101 SET @OLD_COLLATION_CONNECTION=@@COLLATION_CONNECTION */;
/*!50503 SET NAMES utf8 */;
/*!40103 SET @OLD_TIME_ZONE=@@TIME_ZONE */;
/*!40103 SET TIME_ZONE='+00:00' */;
/*!40014 SET @OLD_UNIQUE_CHECKS=@@UNIQUE_CHECKS, UNIQUE_CHECKS=0 */;
/*!40014 SET @OLD_FOREIGN_KEY_CHECKS=@@FOREIGN_KEY_CHECKS, FOREIGN_KEY_CHECKS=0 */;
/*!40101 SET @OLD_SQL_MODE=@@SQL_MODE, SQL_MODE='NO_AUTO_VALUE_ON_ZERO' */;
/*!40111 SET @OLD_SQL_NOTES=@@SQL_NOTES, SQL_NOTES=0 */;

--
-- Table structure for table `badges`
--

DROP TABLE IF EXISTS `badges`;
/*!40101 SET @saved_cs_client     = @@character_set_client */;
/*!50503 SET character_set_client = utf8mb4 */;
CREATE TABLE `badges` (
  `id` int NOT NULL,
  `employee_id` int DEFAULT NULL,
  PRIMARY KEY (`id`),
  UNIQUE KEY `employee_id_UNIQUE` (`employee_id`)
) ENGINE=InnoDB DEFAULT CHARSET=utf8mb3;
/*!40101 SET character_set_client = @saved_cs_client */;

--
-- Dumping data for table `badges`
--

LOCK TABLES `badges` WRITE;
/*!40000 ALTER TABLE `badges` DISABLE KEYS */;
INSERT INTO `badges` VALUES (10007031,NULL),(10008959,NULL),(10009009,NULL),(10010106,NULL),(10010189,NULL),(10014383,NULL),(10018358,NULL),(10024441,NULL),(10030577,NULL),(10036660,NULL),(10050664,NULL),(10054081,NULL),(10066386,NULL),(10078121,NULL),(10087638,NULL),(10088491,NULL),(10089966,NULL),(10093254,NULL),(10096026,NULL),(10096682,NULL),(10006977,0),(10008644,1001149),(10093247,1003462),(10015420,1003898),(10023998,1006144),(10062426,1006886),(10062652,1007062),(10094507,1007432),(10062730,1007545),(10063117,1009784),(10064117,1010024),(10064358,1010142),(10068662,1010596),(10070900,1010982),(10072505,1011161),(10094905,1011976),(10078371,1012122),(10000940,1013194),(10093563,1017258),(10010593,1017920),(10084567,1020473),(10092646,1020522),(10076123,1021217),(10087086,1021404),(10093410,1022356),(10072452,1022474),(10050722,1023453),(10073342,1023454),(10071923,1023537),(10017539,1023588),(10069846,1023618),(10084186,1024236),(10040450,1025953),(10085878,1028395),(10086367,1028690),(10011140,1030600),(10095423,1030820),(10014097,1030858),(10004050,1032639),(10015800,1034448),(10017963,1034538),(10016811,1034631),(10017604,1034639),(10011281,1034663),(10026413,1035668),(10024405,1036017),(10028119,1036532),(10024868,1037065),(10034386,1037811),(10025319,1038591),(10014035,1038702),(10012506,1041339),(10027168,1043293),(10000027,1044621),(10087858,1045155),(10037217,1045432),(10037630,1045686),(10025799,1046573),(10031111,1047804),(10031983,1048830),(10034316,1049823),(10034400,1052053),(10041469,1054645),(10034528,1055501),(10034658,1057574),(10034939,1059239),(10035424,1060385),(10037354,1060404),(10038300,1061138),(10039503,1064579),(10040699,1065647),(10039545,1067656),(10049305,1067743),(10042280,1067946),(10045700,1068396),(10041513,1069929),(10047085,1070969),(10050545,1073944),(10041529,1075119),(10047529,1075259),(10058379,1076236),(10049839,1078293),(10048365,1078954),(10050201,1079834),(10049998,1080007),(10045356,1080294),(10011481,1083527),(10052248,1084860),(10026098,1085141),(10053104,1085647),(10058083,1086497),(10057465,1088210),(10076489,1088239),(10058012,1088270),(10053647,1089853),(10099123,1091700),(10062709,1092163),(10059762,1092896),(10063567,1093510),(10066421,1093581),(10069244,1095060),(10075000,1095282),(10067793,1095790),(10055754,1096743),(10062080,1097845),(10054616,1097994),(10072848,1099855);
/*!40000 ALTER TABLE `badges` ENABLE KEYS */;
UNLOCK TABLES;

--
-- Table structure for table `employees`
--

DROP TABLE IF EXISTS `employees`;
/*!40101 SET @saved_cs_client     = @@character_set_client */;
/*!50503 SET character_set_client = utf8mb4 */;
CREATE TABLE `employees` (
  `id` int NOT NULL,
  `first_name` varchar(45) DEFAULT NULL,
  `last_name` varchar(45) DEFAULT NULL,
  `title` varchar(45) DEFAULT NULL,
  `phone_number` varchar(45) DEFAULT NULL,
  PRIMARY KEY (`id`),
  UNIQUE KEY `id_UNIQUE` (`id`)
) ENGINE=InnoDB DEFAULT CHARSET=utf8mb3;
/*!40101 SET character_set_client = @saved_cs_client */;

--
-- Dumping data for table `employees`
--

LOCK TABLES `employees` WRITE;
/*!40000 ALTER TABLE `employees` DISABLE KEYS */;
INSERT INTO `employees` VALUES (1001149,'Bradford','Middleton','Engineer','+11234567890'),(1003462,'Desiree','Pope','Supervisor','+11234567890'),(1003898,'Clemente','Golden','Operator','+11234567890'),(1006144,'Diana','Gilbert','Driller','+11234567890'),(1006886,'Chasity','Peterson','Manager','+11234567890'),(1007062,'Gilbert','Keith','Driller','+11234567890'),(1007432,'Traci','Poole','Driller','+11234567890'),(1007545,'Alfonzo','Downs','Supervisor','+11234567890'),(1009784,'Erica','Peterson','Supervisor','+11234567890'),(1010024,'Ora','Hatfield','Engineer','+11234567890'),(1010142,'Porter','Mejia','Driller','+11234567890'),(1010596,'Arlie','Hammond','Engineer','+11234567890'),(1010982,'Jay','Peters','Engineer','+11234567890'),(1011161,'Harry','Odonnell','Driller','+11234567890'),(1011976,'Wanda','Figueroa','Driller','+11234567890'),(1012122,'Emerson','Quinn','Supervisor','+11234567890'),(1013194,'Jame','Cervantes','Supervisor','+11234567890'),(1017258,'Orville','Waters','Driller','+11234567890'),(1017920,'Enid','Crosby','Engineer','+11234567890'),(1020473,'Jacklyn','Donaldson','Engineer','+11234567890'),(1020522,'Amanda','Hudson','Driller','+11234567890'),(1021217,'Regina','Carlson','Driller','+11234567890'),(1021404,'Ken','Frank','Manager','+11234567890'),(1022356,'Anastasia','Hoffman','Engineer','+11234567890'),(1022474,'Therese','Wolfe','Nurse','+11234567890'),(1023453,'Carolyn','Lyman','Driller','+11234567890'),(1023454,'Heather','McLean','Engineer','+11234567890'),(1023537,'James','McDonald','Supervisor','+11234567890'),(1023588,'Dennis','Cox','Engineer','+11234567890'),(1023618,'Jonathon','Horn','Nurse','+11234567890'),(1024236,'Bud','Rodriguez','Driller','+11234567890'),(1025953,'Vaughn','Richardson','Supervisor','+11234567890'),(1026043,'Eloy','Mosley','Engineer','+11234567890'),(1028395,'Luis','Hendricks','Engineer','+11234567890'),(1028690,'Norris','Huber','Technician','+11234567890'),(1030600,'Franklyn','Woodward','Director','+11234567890'),(1030820,'Mario','Pacheco','Driller','+11234567890'),(1030858,'Bonita','Rubio','Director','+11234567890'),(1032639,'Jeannie','Conley','Supervisor','+11234567890'),(1034448,'Lorenzo','Robertson','Driller','+11234567890'),(1034538,'Sue','Scott','Director','+11234567890'),(1034631,'Bob','Smith','Manager','+11234567890'),(1034639,'Thomas','Bower','Analyst','+11234567890'),(1034663,'Courtney','Barton','Driller','+11234567890'),(1035668,'George','Sanders','Engineer','+11234567890'),(1036017,'Eddie','Adkins','Nurse','+11234567890'),(1036532,'Lora','Castillo','Driller','+11234567890'),(1037065,'Elisabeth','Hobbs','Driller','+11234567890'),(1037811,'Robin','Logan','Driller','+11234567890'),(1038591,'Ben','Coffey','Supervisor','+11234567890'),(1038702,'Clifton','Pierce','Engineer','+11234567890'),(1041339,'Carrie','Ho','Director','+11234567890'),(1043293,'Lance','Joyce','Technician','+11234567890'),(1044621,'Melvin','Moore','Driller','+11234567890'),(1045155,'Ellis','Delgado','Manager','+11234567890'),(1045432,'Lindsey','Hawkins','Driller','+11234567890'),(1045686,'Nicholas','Wilson','Auditor','+11234567890'),(1046573,'Dan','Meyer','Driller','+11234567890'),(1047804,'Margaret','Wells','Driller','+11234567890'),(1048830,'Mack','Melendez','Engineer','+11234567890'),(1049823,'Susanna','Archer','Engineer','+11234567890'),(1052053,'Juan','Duarte','Supervisor','+11234567890'),(1054645,'Ian','Burgess','Driller','+11234567890'),(1055501,'Pasquale','Simpson','Driller','+11234567890'),(1057574,'Mariana','Stevens','Driller','+11234567890'),(1059239,'Seymour','Blackburn','Driller','+11234567890'),(1060385,'Deena','Wilkerson','Driller','+11234567890'),(1060404,'Shelton','Torres','Supervisor','+11234567890'),(1061138,'Tanya','Hughes','Engineer','+11234567890'),(1064579,'Erma','Stanley','Supervisor','+11234567890'),(1065647,'Ulysses','Proctor','Technician','+11234567890'),(1067656,'Stacey','Morgan','Maintenance Technician','+11234567890'),(1067743,'Monique','Knapp','Engineer','+11234567890'),(1067946,'Carlton','Wilkins','Manager','+11234567890'),(1068396,'Brenda','Chandler','Analyst','+11234567890'),(1069929,'Palmer','Gibbs','Engineer','+11234567890'),(1070969,'Dana','Chavez','Engineer','+11234567890'),(1073944,'Evan','Booth','Operator','+11234567890'),(1075119,'Jannie','Sanchez','Engineer','+11234567890'),(1075259,'Adeline','Soto','Supervisor','+11234567890'),(1076236,'Truman','Kemp','Manager','+11234567890'),(1078293,'Dexter','Strong','Supervisor','+11234567890'),(1078954,'Ray','Baker','Driller','+11234567890'),(1079834,'Katie','Bass','Analyst','+11234567890'),(1080007,'Lyman','Thomas','Manager','+11234567890'),(1080294,'Judson','Benjamin','Driller','+11234567890'),(1083527,'Cary','Shelton','Driller','+11234567890'),(1084860,'Edison','Powers','Driller','+11234567890'),(1085141,'Sang','Mora','Manager','+11234567890'),(1085647,'Valerie','Franklin','Nurse','+11234567890'),(1086497,'Collin','Watkins','Driller','+11234567890'),(1088210,'Emery','Morrow','Supervisor','+11234567890'),(1088239,'Ladonna','Krueger','Operator','+11234567890'),(1088270,'Tamika','Hamilton','Driller','+11234567890'),(1089853,'April','Mills','Engineer','+11234567890'),(1091700,'Fermin','Tucker','Engineer','+11234567890'),(1092163,'Barrett','Vaughan','Engineer','+11234567890'),(1092896,'Florine','Mahoney','Driller','+11234567890'),(1093510,'Monica','Fisher','Engineer','+11234567890'),(1093581,'Bonnie','Rice','Engineer','+11234567890'),(1095060,'Raymond','Beltran','Supervisor','+11234567890'),(1095282,'Kristina','Livingston','Engineer','+11234567890'),(1095790,'Lincoln','Schaefer','Supervisor','+11234567890'),(1096743,'Yvonne','Steele','Engineer','+11234567890'),(1097845,'Erika','Russell','Driller','+11234567890'),(1097994,'Jerome','Stone','Maintenance Technician','+11234567890'),(1099855,'Noah','Badge','Engineer','+11234567890');
/*!40000 ALTER TABLE `employees` ENABLE KEYS */;
UNLOCK TABLES;

--
-- Table structure for table `location_scans`
--

DROP TABLE IF EXISTS `location_scans`;
/*!40101 SET @saved_cs_client     = @@character_set_client */;
/*!50503 SET character_set_client = utf8mb4 */;
CREATE TABLE `location_scans` (
  `badge_id` int NOT NULL,
  `site_id` int DEFAULT NULL,
  `timestamp` datetime NOT NULL,
  `employee_id` int DEFAULT NULL,
  PRIMARY KEY (`badge_id`,`timestamp`),
  KEY `fk_location_scans_1_idx` (`site_id`),
  CONSTRAINT `fk_location_scans_1` FOREIGN KEY (`site_id`) REFERENCES `sites` (`id`),
  CONSTRAINT `fk_location_scans_2` FOREIGN KEY (`badge_id`) REFERENCES `badges` (`id`)
) ENGINE=InnoDB DEFAULT CHARSET=utf8mb3;
/*!40101 SET character_set_client = @saved_cs_client */;

--
-- Dumping data for table `location_scans`
--

LOCK TABLES `location_scans` WRITE;
/*!40000 ALTER TABLE `location_scans` DISABLE KEYS */;
INSERT INTO `location_scans` VALUES (10000027,105883,'2024-02-01 23:20:09',1044621),(10000027,105882,'2024-02-02 00:47:37',1044621),(10000027,105883,'2024-02-03 00:07:42',1044621),(10000940,105883,'2024-02-02 23:51:12',1013194),(10008644,105883,'2024-02-01 00:20:39',1001149),(10010593,105883,'2024-02-02 00:02:24',1017920),(10010593,105882,'2024-02-02 22:35:36',1017920),(10010593,105883,'2024-02-02 22:46:05',1017920),(10011140,105883,'2024-02-01 21:54:34',1030600),(10011140,105882,'2024-02-02 22:27:06',1030600),(10011281,105882,'2024-02-01 00:12:38',1034663),(10011281,105883,'2024-02-02 22:01:29',1034663),(10011481,105883,'2024-02-02 23:37:42',1083527),(10012506,105883,'2024-02-01 22:20:35',1041339),(10012506,105882,'2024-02-01 23:07:38',1041339),(10012506,105881,'2024-02-02 00:47:07',1041339),(10012506,105880,'2024-02-02 21:52:59',1041339),(10012506,105881,'2024-02-03 00:10:12',1041339),(10014035,105883,'2024-02-02 00:00:54',1038702),(10015800,105880,'2024-02-01 00:40:09',1034448),(10015800,105881,'2024-02-01 22:01:35',1034448),(10015800,105880,'2024-02-01 23:10:39',1034448),(10016811,105882,'2024-02-01 00:12:08',1034631),(10016811,105881,'2024-02-01 22:24:35',1034631),(10016811,105880,'2024-02-01 23:53:54',1034631),(10017539,105883,'2024-02-01 22:52:08',1023588),(10017539,NULL,'2024-02-01 23:49:54',1023588),(10017539,105883,'2024-02-02 22:36:06',1023588),(10017539,NULL,'2024-02-03 00:37:43',1023588),(10017604,105883,'2024-02-01 00:41:09',1034639),(10017604,NULL,'2024-02-01 22:03:35',1034639),(10017604,105883,'2024-02-02 22:23:06',1034639),(10023998,105883,'2024-02-01 00:11:08',1006144),(10023998,NULL,'2024-02-02 00:58:36',1006144),(10023998,105883,'2024-02-02 23:23:42',1006144),(10023998,NULL,'2024-02-03 00:28:13',1006144),(10024405,105883,'2024-02-01 22:07:05',1036017),(10024405,NULL,'2024-02-02 23:07:41',1036017),(10024868,105883,'2024-02-02 00:54:24',1037065),(10024868,105882,'2024-02-02 23:09:11',1037065),(10024868,105883,'2024-02-02 23:23:12',1037065),(10024868,105882,'2024-02-02 23:27:12',1037065),(10025319,NULL,'2024-02-01 16:08:18',1038591),(10025319,105883,'2024-02-02 22:51:35',1038591),(10025319,NULL,'2024-02-03 00:01:42',1038591),(10025319,105883,'2024-02-03 00:04:42',1038591),(10025799,105883,'2024-02-01 21:53:34',1046573),(10025799,NULL,'2024-02-02 00:06:25',1046573),(10025799,105883,'2024-02-02 00:11:08',1046573),(10025799,105882,'2024-02-03 00:05:42',1046573),(10026413,NULL,'2024-02-01 00:38:39',1035668),(10026413,105883,'2024-02-02 21:32:28',1035668),(10027168,105883,'2024-02-01 21:35:34',1043293),(10027168,NULL,'2024-02-02 22:18:36',1043293),(10027168,105883,'2024-02-02 22:25:36',1043293),(10028119,105883,'2024-02-01 16:15:48',1036532),(10028119,NULL,'2024-02-02 21:31:58',1036532),(10031111,105883,'2024-02-02 23:00:35',1047804),(10031983,105881,'2024-02-01 16:03:48',1048830),(10034316,105883,'2024-02-02 00:05:54',1049823),(10034316,105882,'2024-02-03 00:03:42',1049823),(10034386,NULL,'2024-02-01 00:33:39',1037811),(10034386,105883,'2024-02-01 21:57:34',1037811),(10034386,NULL,'2024-02-03 00:36:43',1037811),(10034400,105882,'2024-02-01 19:57:15',1052053),(10034400,105883,'2024-02-01 21:17:41',1052053),(10034400,105882,'2024-02-01 23:05:08',1052053),(10034400,105881,'2024-02-02 00:04:54',1052053),(10034400,105880,'2024-02-02 22:54:35',1052053),(10034528,105882,'2024-02-01 00:13:08',1055501),(10034528,105881,'2024-02-01 21:41:04',1055501),(10034658,105883,'2024-02-01 22:55:38',1057574),(10034939,105883,'2024-02-01 23:03:38',1059239),(10034939,NULL,'2024-02-02 00:31:07',1059239),(10034939,105883,'2024-02-02 00:58:06',1059239),(10035424,105883,'2024-02-01 22:05:35',1060385),(10035424,NULL,'2024-02-03 00:18:13',1060385),(10037217,105883,'2024-02-01 21:32:03',1045432),(10037217,105882,'2024-02-02 22:29:36',1045432),(10037354,105882,'2024-02-01 21:31:12',1060404),(10037630,105883,'2024-02-02 21:43:58',1045686),(10038300,105881,'2024-02-01 00:15:38',1061138),(10039503,105881,'2024-02-01 00:58:40',1064579),(10039503,105880,'2024-02-02 23:16:11',1064579),(10039545,105882,'2024-02-01 00:49:39',1067656),(10039545,105883,'2024-02-02 22:48:35',1067656),(10040450,105883,'2024-02-01 23:17:09',1025953),(10040699,105883,'2024-02-02 21:36:28',1065647),(10040699,105882,'2024-02-02 22:09:29',1065647),(10041469,105883,'2024-02-01 21:20:12',1054645),(10041469,105882,'2024-02-02 00:33:07',1054645),(10041469,105883,'2024-02-02 23:31:42',1054645),(10041469,NULL,'2024-02-03 00:13:42',1054645),(10041513,105883,'2024-02-01 21:25:42',1069929),(10041513,105882,'2024-02-01 23:49:24',1069929),(10041529,105883,'2024-02-01 00:07:08',1075119),(10042280,NULL,'2024-02-01 00:10:38',1067946),(10042280,105883,'2024-02-01 00:17:39',1067946),(10042280,NULL,'2024-02-01 00:23:39',1067946),(10042280,105883,'2024-02-02 23:45:42',1067946),(10042280,NULL,'2024-02-02 23:50:42',1067946),(10042280,105883,'2024-02-02 23:57:42',1067946),(10045356,105883,'2024-02-01 23:54:24',1080294),(10045700,105883,'2024-02-01 21:53:04',1068396),(10047085,105883,'2024-02-01 22:08:05',1070969),(10047085,105882,'2024-02-02 00:35:07',1070969),(10047529,105883,'2024-02-01 19:56:45',1075259),(10047529,NULL,'2024-02-02 21:48:59',1075259),(10047529,105883,'2024-02-02 22:39:06',1075259),(10047529,105882,'2024-02-02 23:54:42',1075259),(10049305,105883,'2024-02-01 21:21:42',1067743),(10049305,NULL,'2024-02-01 22:16:35',1067743),(10049305,105883,'2024-02-03 00:32:13',1067743),(10049839,105882,'2024-02-01 00:29:39',1078293),(10049839,105883,'2024-02-03 00:23:13',1078293),(10049839,105882,'2024-02-03 00:35:13',1078293),(10049998,105880,'2024-02-01 21:27:12',1080007),(10049998,105881,'2024-02-01 23:00:38',1080007),(10049998,105882,'2024-02-03 00:30:13',1080007),(10050545,105883,'2024-02-01 00:53:40',1073944),(10050545,NULL,'2024-02-01 22:47:38',1073944),(10050545,105883,'2024-02-02 22:54:05',1073944),(10050545,NULL,'2024-02-03 00:09:12',1073944),(10050722,NULL,'2024-02-01 21:33:04',1023453),(10050722,105883,'2024-02-01 21:45:04',1023453),(10050722,105882,'2024-02-02 23:46:12',1023453),(10050722,105881,'2024-02-02 23:59:12',1023453),(10052248,105883,'2024-02-01 21:55:04',1084860),(10052248,105882,'2024-02-01 22:00:34',1084860),(10052248,105881,'2024-02-01 22:23:35',1084860),(10052248,105880,'2024-02-02 22:21:36',1084860),(10052248,105881,'2024-02-03 00:02:42',1084860),(10053104,105883,'2024-02-01 22:22:05',1085647),(10053104,105882,'2024-02-02 23:04:41',1085647),(10053647,105883,'2024-02-01 23:15:39',1089853),(10053647,105882,'2024-02-02 22:39:35',1089853),(10054616,105883,'2024-02-02 22:42:35',1097994),(10055754,105883,'2024-02-01 21:30:42',1096743),(10055754,NULL,'2024-02-01 21:34:34',1096743),(10055754,105883,'2024-02-01 22:44:38',1096743),(10055754,NULL,'2024-02-02 21:33:58',1096743),(10058012,105883,'2024-02-02 21:44:59',1088270),(10058083,105883,'2024-02-02 23:33:12',1086497),(10058379,105881,'2024-02-01 23:06:08',1076236),(10062080,105883,'2024-02-02 23:22:12',1097845),(10062426,105881,'2024-02-01 21:18:42',1006886),(10062426,105880,'2024-02-01 23:59:54',1006886),(10062426,105881,'2024-02-02 00:46:07',1006886),(10062426,105882,'2024-02-02 23:04:11',1006886),(10062426,105883,'2024-02-02 23:34:12',1006886),(10062652,105883,'2024-02-01 22:21:05',1007062),(10062652,NULL,'2024-02-01 23:56:24',1007062),(10062652,105883,'2024-02-03 00:05:12',1007062),(10062709,105883,'2024-02-01 00:05:38',1092163),(10062709,NULL,'2024-02-01 00:16:08',1092163),(10062709,105883,'2024-02-01 21:43:04',1092163),(10062730,105880,'2024-02-01 21:32:34',1007545),(10062730,105881,'2024-02-01 23:13:39',1007545),(10063567,105883,'2024-02-02 00:48:07',1093510),(10063567,NULL,'2024-02-02 21:49:59',1093510),(10064117,105883,'2024-02-02 23:46:42',1010024),(10066421,105880,'2024-02-01 00:31:39',1093581),(10067793,105880,'2024-02-01 00:44:39',1095790),(10067793,105881,'2024-02-02 22:07:59',1095790),(10067793,105880,'2024-02-02 23:34:42',1095790),(10068662,NULL,'2024-02-01 22:19:35',1010596),(10068662,105883,'2024-02-01 23:58:24',1010596),(10069244,105883,'2024-02-01 00:57:10',1095060),(10069846,105883,'2024-02-01 16:09:48',1023618),(10069846,NULL,'2024-02-02 22:59:35',1023618),(10070900,105883,'2024-02-02 22:24:36',1010982),(10070900,NULL,'2024-02-03 00:38:43',1010982),(10071923,105883,'2024-02-02 21:53:29',1023537),(10071923,NULL,'2024-02-02 22:03:29',1023537),(10071923,105883,'2024-02-02 22:25:06',1023537),(10072452,105883,'2024-02-02 22:21:06',1022474),(10072505,105883,'2024-02-02 21:38:58',1011161),(10072848,105883,'2024-02-01 23:44:24',1099855),(10073342,105883,'2024-02-02 22:45:05',1023454),(10075000,105883,'2024-02-02 22:53:35',1095282),(10075000,NULL,'2024-02-02 23:12:41',1095282),(10076123,105883,'2024-02-01 22:10:05',1021217),(10076123,NULL,'2024-02-03 00:11:12',1021217),(10076123,105883,'2024-02-03 00:24:43',1021217),(10078371,105883,'2024-02-01 16:04:18',1012122),(10078371,NULL,'2024-02-01 22:52:38',1012122),(10078371,105883,'2024-02-01 23:08:08',1012122),(10078371,NULL,'2024-02-02 22:30:06',1012122),(10078371,105883,'2024-02-03 00:22:13',1012122),(10084186,105883,'2024-02-01 23:42:22',1024236),(10084567,105883,'2024-02-02 21:53:59',1020473),(10084567,NULL,'2024-02-02 23:35:12',1020473),(10085878,105881,'2024-02-01 21:28:42',1028395),(10085878,105882,'2024-02-01 23:20:39',1028395),(10086367,105880,'2024-02-01 00:22:39',1028690),(10086367,105881,'2024-02-02 22:59:05',1028690),(10087086,105882,'2024-02-01 00:37:39',1021404),(10087086,105881,'2024-02-01 21:49:04',1021404),(10087086,105880,'2024-02-01 23:07:08',1021404),(10087086,105881,'2024-02-02 22:28:36',1021404),(10087086,105882,'2024-02-02 22:38:06',1021404),(10087086,105881,'2024-02-02 23:49:42',1021404),(10087086,105880,'2024-02-02 23:52:12',1021404),(10093247,105883,'2024-02-03 00:12:42',1003462),(10093410,105883,'2024-02-02 00:34:07',1022356),(10093563,105883,'2024-02-01 22:24:05',1017258),(10094507,105883,'2024-02-01 22:42:07',1007432),(10094905,105883,'2024-02-01 23:24:39',1011976),(10094905,105882,'2024-02-01 23:55:24',1011976),(10094905,105883,'2024-02-03 00:07:12',1011976),(10095423,105883,'2024-02-01 23:50:54',1030820),(10095423,NULL,'2024-02-02 21:54:29',1030820),(10095423,105883,'2024-02-02 23:30:12',1030820),(10099123,105883,'2024-02-01 23:45:54',1091700),(10099123,105882,'2024-02-02 00:36:07',1091700),(10099123,105883,'2024-02-03 00:19:43',1091700);
/*!40000 ALTER TABLE `location_scans` ENABLE KEYS */;
UNLOCK TABLES;

--
-- Table structure for table `sites`
--

DROP TABLE IF EXISTS `sites`;
/*!40101 SET @saved_cs_client     = @@character_set_client */;
/*!50503 SET character_set_client = utf8mb4 */;
CREATE TABLE `sites` (
  `id` int NOT NULL AUTO_INCREMENT,
  `lat` decimal(10,8) DEFAULT NULL,
  `lon` decimal(11,8) DEFAULT NULL,
  `name` varchar(45) DEFAULT NULL,
  PRIMARY KEY (`id`)
) ENGINE=InnoDB AUTO_INCREMENT=105884 DEFAULT CHARSET=latin1;
/*!40101 SET character_set_client = @saved_cs_client */;

--
-- Dumping data for table `sites`
--

LOCK TABLES `sites` WRITE;
/*!40000 ALTER TABLE `sites` DISABLE KEYS */;
INSERT INTO `sites` VALUES (105880,-53.74690000,-67.64110000,'Platform'),(105881,-53.74730000,-67.66860000,'Station'),(105882,-53.76345000,-67.71115000,'Aircraft'),(105883,-53.78174000,-67.75251300,'Airport');
/*!40000 ALTER TABLE `sites` ENABLE KEYS */;
UNLOCK TABLES;
/*!40103 SET TIME_ZONE=@OLD_TIME_ZONE */;

/*!40101 SET SQL_MODE=@OLD_SQL_MODE */;
/*!40014 SET FOREIGN_KEY_CHECKS=@OLD_FOREIGN_KEY_CHECKS */;
/*!40014 SET UNIQUE_CHECKS=@OLD_UNIQUE_CHECKS */;
/*!40101 SET CHARACTER_SET_CLIENT=@OLD_CHARACTER_SET_CLIENT */;
/*!40101 SET CHARACTER_SET_RESULTS=@OLD_CHARACTER_SET_RESULTS */;
/*!40101 SET COLLATION_CONNECTION=@OLD_COLLATION_CONNECTION */;
/*!40111 SET SQL_NOTES=@OLD_SQL_NOTES */;

-- Dump completed on 2024-02-02 16:41:16
